{"cameraMode":{"drawMode":0,"name":"Shaded","section":"Shading Mode"},"sceneLighting":false,"audioPlay":false,"sceneViewState":{"showFog":true,"showMaterialUpdate":false,"showSkybox":false,"showFlares":true,"showImageEffects":true,"showParticleSystems":true},"in2DMode":false,"pivot":{"x":7.999999046325684,"y":-0.050000011920928958,"z":4.010000228881836},"rotation":{"x":0.6274917125701904,"y":0.06334313750267029,"z":-0.0513073168694973,"w":0.7743767499923706},"size":2.913029432296753,"orthographic":true}