{"cameraMode":{"drawMode":0,"name":"Shaded","section":"Shading Mode"},"sceneLighting":false,"audioPlay":false,"sceneViewState":{"showFog":true,"showMaterialUpdate":false,"showSkybox":false,"showFlares":true,"showImageEffects":true,"showParticleSystems":true},"in2DMode":false,"pivot":{"x":-1.4068583250045777,"y":-0.0440632700920105,"z":-5.63380241394043},"rotation":{"x":0.02099781297147274,"y":-0.00689185643568635,"z":0.0002271247358294204,"w":0.9997887015342712},"size":1.614322543144226,"orthographic":true}