{"cameraMode":{"drawMode":0,"name":"Shaded","section":"Shading Mode"},"sceneLighting":false,"audioPlay":false,"sceneViewState":{"showFog":true,"showMaterialUpdate":false,"showSkybox":false,"showFlares":true,"showImageEffects":true,"showParticleSystems":true},"in2DMode":false,"pivot":{"x":1.2607460021972657,"y":0.47265625,"z":-2.6475830078125},"rotation":{"x":0.3604438006877899,"y":0.6001958250999451,"z":-0.3464279770851135,"w":0.6244221925735474},"size":2.0612001419067385,"orthographic":true}