{"cameraMode":{"drawMode":0,"name":"Shaded","section":"Shading Mode"},"sceneLighting":false,"audioPlay":false,"sceneViewState":{"showFog":true,"showMaterialUpdate":false,"showSkybox":false,"showFlares":true,"showImageEffects":true,"showParticleSystems":true},"in2DMode":false,"pivot":{"x":-0.43372392654418948,"y":-0.0013427734375,"z":0.020610809326171876},"rotation":{"x":0.007428960874676704,"y":-0.9924772381782532,"z":0.07906971871852875,"w":0.09346987307071686},"size":0.19282446801662446,"orthographic":true}