{"cameraMode":{"drawMode":0,"name":"Shaded","section":"Shading Mode"},"sceneLighting":false,"audioPlay":false,"sceneViewState":{"showFog":true,"showMaterialUpdate":false,"showSkybox":false,"showFlares":true,"showImageEffects":true,"showParticleSystems":true},"in2DMode":false,"pivot":{"x":-1.8590049743652344,"y":-0.048948854207992557,"z":0.13859915733337403},"rotation":{"x":0.029042184352874757,"y":-0.7211812734603882,"z":0.03032469004392624,"w":0.6915145516395569},"size":1.5298269987106324,"orthographic":true}