{"cameraMode":{"drawMode":0,"name":"Shaded","section":"Shading Mode"},"sceneLighting":false,"audioPlay":false,"sceneViewState":{"showFog":true,"showMaterialUpdate":false,"showSkybox":false,"showFlares":true,"showImageEffects":true,"showParticleSystems":true},"in2DMode":false,"pivot":{"x":-1.2975773811340333,"y":0.11601972579956055,"z":5.106645584106445},"rotation":{"x":0.020653625950217248,"y":0.7264631390571594,"z":-0.021753085777163507,"w":0.6865928173065186},"size":1.7236897945404053,"orthographic":true}