{"cameraMode":{"drawMode":0,"name":"Shaded","section":"Shading Mode"},"sceneLighting":false,"audioPlay":false,"sceneViewState":{"showFog":true,"showMaterialUpdate":false,"showSkybox":false,"showFlares":true,"showImageEffects":true,"showParticleSystems":true},"in2DMode":false,"pivot":{"x":-10.910400390625,"y":-1.447265625,"z":-4.76318359375},"rotation":{"x":0.6274917125701904,"y":0.06334313750267029,"z":-0.0513073168694973,"w":0.7743767499923706},"size":30.789701461791993,"orthographic":true}